route	surface	name
/account-locked	auth	AccountLocked
/accounting-integration	app	Accounting-Integration
/accounts-payable	app	Accounts-Payable
/accounts-receivable	app	Accounts-Receivable
/advanced-settings	app	AdvancedSettings
/agent-dashboard	app	AgentDashboard
/agent-registry	app	AgentRegistry
/ai-automation	app	AI-Automation
/ai-chatbot	app	AI-Chatbot
/ai-chatbot-assistant	app	AI-Chatbot-Assistant
/ai-scheduling	app	AI-Scheduling
/ai-service-advisor	app	AI-Service-Advisor
/aianalytics	app	AIAnalytics
/aiassistant	app	AIAssistant
/appointment-calendar	app	AppointmentCalendar
/appointment-reminders	app	Appointment-Reminders
/appointments	app	Appointments
/approval-inbox	app	ApprovalInbox
/ar-overlay	app	AR-Overlay
/ar-repair-guide	app	AR-Repair-Guide
/assets-management	app	Assets-Management
/audit-log	app	AuditLog
/automated-reordering	app	Automated-Reordering
/automation-rules	app	AutomationRules
/backup	app	Backup
/balance-sheet	app	Balance-Sheet
/bank-account-management	app	Bank-Account-Management
/bank-reconciliation	app	BankReconciliation
/barcode-scanner	app	Barcode-Scanner
/bidashboard	app	BIDashboard
/biometric-setup	auth	BiometricSetup
/blockchain-service-history	app	Blockchain-Service-History
/branches	app	Branches
/budget-management	app	Budget-Management
/business-heatmaps	app	Business-Heatmaps
/business-intelligence	app	Business-Intelligence
/business-intelligence-dashboard	app	Business-Intelligence-Dashboard
/calendar	app	Calendar
/call-center	call-center	CallCenter
/call-center/logs	call-center	CallCenter.Logs
/campaigns	app	Campaigns
/capital-management	app	Capital-Management
/cash-flow-statement	app	Cash-Flow-Statement
/chart-of-accounts	app	ChartOfAccounts
/chat	app	Chat
/client-portal-appointments	app	Client-Portal-Appointments
/client-portal-dashboard	app	Client-Portal-Dashboard
/client-portal-invoices	app	Client-Portal-Invoices
/client-portal-live-tracking	app	Client-Portal-Live-Tracking
/client-portal-profile	app	Client-Portal-Profile
/client-portal-reminders	app	Client-Portal-Reminders
/client-portal-review-chat	app	Client-Portal-Review-Chat
/client-portal-service-history	app	Client-Portal-Service-History
/client-portal-vehicles	app	Client-Portal-Vehicles
/compliance-management	app	Compliance-Management
/computer-vision-qc	app	Computer-Vision-QC
/contract-management	app	Contract-Management
/conversation-history	app	ConversationHistory
/cookie-policy	app	CookiePolicy
/cost-centers	app	Cost-Centers
/create-pin	auth	CreatePIN
/crmcalendar	app	CRMCalendar
/crmtasks	app	CRMTasks
/custom-reports	app	CustomReports
/customer-app-booking	app	Customer-App-Booking
/customer-app-payments	app	Customer-App-Payments
/customer-app-vehicles	app	Customer-App-Vehicles
/customer-app/appointments	customer-app	CustomerApp.Appointments
/customer-app/garage	customer-app	CustomerApp.Garage
/customer-app/home	customer-app	CustomerApp.Home
/customer-app/insurance	customer-app	CustomerApp.Insurance
/customer-app/loans	customer-app	CustomerApp.Loans
/customer-app/marketplace	customer-app	CustomerApp.Marketplace
/customer-app/notifications	customer-app	CustomerApp.Notifications
/customer-app/orders	customer-app	CustomerApp.Orders
/customer-app/profile	customer-app	CustomerApp.Profile
/customer-app/service-tracking	customer-app	CustomerApp.ServiceTracking
/customer-app/wallet	customer-app	CustomerApp.Wallet
/customer-approval	app	CustomerApproval
/customer-detail	app	CustomerDetail
/customer-feedback	app	CustomerFeedback
/customer-loyalty	app	Customer-Loyalty
/customer-ltv-analysis	app	Customer-LTV-Analysis
/customer-portal	portal	CustomerPortal
/customer-portal/booking	portal	CustomerPortal.Booking
/customer-reviews-ratings	app	Customer-Reviews-Ratings
/customer-segments	app	CustomerSegments
/customers	app	Customers
/customers-list	app	Customers-List
/dashboard	app	Dashboard
/dashboard-home	app	Dashboard-Home
/dashboard-main	app	Dashboard-Main
/dashboard-widgets	app	Dashboard-Widgets
/data-backup	app	Data-Backup
/data-import-export	app	Data-Import-Export
/departments	app	Departments
/diagnostic-report	app	DiagnosticReport
/diagnostics-obd-hub	app	Diagnostics-OBD-Hub
/digital-signage	app	Digital-Signage
/digital-twin-viewer	app	Digital-Twin-Viewer
/digital-vehicle-walkaround	app	Digital-Vehicle-Walkaround
/document-management	app	Document-Management
/document-ocr	app	Document-OCR
/drone-inspection	app	Drone-Inspection
/dynamic-pricing	app	Dynamic-Pricing
/edge-computing	app	Edge-Computing
/email-marketing	app	EmailMarketing
/email-marketing-campaigns	app	Email-Marketing-Campaigns
/emerging-technologies	app	Emerging-Technologies
/environmental-compliance	app	Environmental-Compliance
/equipment-calibration	app	Equipment-Calibration
/equity-management	app	Equity-Management
/error404	auth	Error404
/estimate-detail	app	EstimateDetail
/estimates	app	Estimates
/executive-reports	app	ExecutiveReports
/expense-tracking	app	Expense-Tracking
/expenses	app	Expenses
/expenses-management	app	Expenses-Management
/financial-reports	app	FinancialReports
/financial-settings	app	Financial-Settings
/financial-statements	app	FinancialStatements
/fleet-contract	app	FleetContract
/fleet-management	app	FleetManagement
/fleet-tracking	app	Fleet-Tracking
/flow-spec	reference	FlowSpec
/forgot-password	auth	ForgotPassword
/franchise-management	app	Franchise-Management
/general-ledger	app	General-Ledger
/global-search	app	GlobalSearch
/globalization-layer	app	Globalization-Layer
/google-my-business	app	Google-My-Business
/hr-management	app	HR-Management
/hrpayroll	app	HRPayroll
/income-statement	app	Income-Statement
/index	reference	Index
/insurance-claims	app	Insurance-Claims
/insurance-reports	app	InsuranceReports
/integrations	app	Integrations
/intelligent-price-optimizer	app	Intelligent-Price-Optimizer
/interactive-3-d-parts	app	Interactive-3D-Parts
/internal-warehouse	app	Internal-Warehouse
/inventory	app	Inventory
/inventory-management	app	Inventory-Management
/inventory-reports	app	InventoryReports
/invite-acceptance	auth	InviteAcceptance
/invoice-create	app	InvoiceCreate
/invoice-detail	app	InvoiceDetail
/invoice-preview	app	InvoicePreview
/invoices	app	Invoices
/io-t-dashboard	app	IoT-Dashboard
/iso-quality-management	app	ISO-Quality-Management
/job-card-detail	app	JobCardDetail
/job-cards	app	JobCards
/job-detail	app	JobDetail
/journal-entries	app	JournalEntries
/kiosk-check-in	kiosk	KioskCheckIn
/knowledge-base	app	KnowledgeBase
/kpi-dashboard	app	KPI-Dashboard
/language-selection	auth	LanguageSelection
/lead-detail	app	LeadDetail
/lead-pipeline	app	LeadPipeline
/leave-requests	app	Leave-Requests
/liabilities-management	app	Liabilities-Management
/license-plate-recognition	app	License-Plate-Recognition
/live-service-tracking	app	Live-Service-Tracking
/loan-reports	app	LoanReports
/loaner-vehicles	app	Loaner-Vehicles
/login	auth	Login
/logout-confirmation	auth	LogoutConfirmation
/loss-account	app	Loss-Account
/loyalty-program	app	Loyalty-Program
/maintenance	auth	Maintenance
/marketing-automation	app	Marketing-Automation
/marketing-hub	app	Marketing-Hub
/ml-fraud-detection	app	ML-Fraud-Detection
/mobile-device-management	app	Mobile-Device-Management
/model-settings	app	ModelSettings
/multi-location-dashboard	app	Multi-Location-Dashboard
/native/android	native	Native.Android
/native/i-os	native	Native.iOS
/neural-network-prediction	app	Neural-Network-Prediction
/next-gen-technologies	app	NextGen-Technologies
/notification-center	app	NotificationCenter
/notifications	app	Notifications
/obddiagnostics	app	OBDDiagnostics
/oem-software-subscriptions	app	OEM-Software-Subscriptions
/oemintegrations	app	OEMIntegrations
/onboarding	auth	Onboarding
/operational-reports	app	OperationalReports
/opportunities	app	Opportunities
/organization-selection	auth	OrganizationSelection
/organizations	app	Organizations
/otpverification	auth	OTPVerification
/partners-current-account	app	Partners-Current-Account
/parts-auto-reorder	app	Parts-Auto-Reorder
/parts-availability	app	Parts-Availability
/parts-marketplace	app	Parts-Marketplace
/parts-network	app	PartsNetwork
/parts-network-dashboard	app	Parts-Network-Dashboard
/parts-network-incoming-requests	app	Parts-Network-Incoming-Requests
/parts-network-my-requests	app	Parts-Network-My-Requests
/parts-network/incoming	app	PartsNetwork.Incoming
/parts-network/members	app	PartsNetwork.Members
/parts-network/orders	app	PartsNetwork.Orders
/parts-network/quotations	app	PartsNetwork.Quotations
/parts-network/requests	app	PartsNetwork.Requests
/parts-network/send-request	app	PartsNetwork.SendRequest
/parts-supply-network	app	PartsSupplyNetwork
/payments	app	Payments
/payroll-management	app	Payroll-Management
/portal-appointments	app	Portal-Appointments
/portal-communications	app	Portal-Communications
/portal-dashboard	app	Portal-Dashboard
/portal-invoices	app	Portal-Invoices
/portal-vehicles	app	Portal-Vehicles
/predictive-diagnostics	app	Predictive-Diagnostics
/predictive-maintenance	app	Predictive-Maintenance
/privacy-policy	auth	PrivacyPolicy
/procurement-portal	portal	ProcurementPortal
/procurement-portal/requisitions	portal	ProcurementPortal.Requisitions
/productivity-tracker	app	Productivity-Tracker
/profile	app	Profile
/profile-completion	auth	ProfileCompletion
/profit-analysis	app	Profit-Analysis
/prompt-library	app	PromptLibrary
/public-portal/about	public	PublicPortal.About
/public-portal/accounting	public	PublicPortal.Accounting
/public-portal/ai	public	PublicPortal.AI
/public-portal/automation	public	PublicPortal.Automation
/public-portal/blog	public	PublicPortal.Blog
/public-portal/book-demo	public	PublicPortal.BookDemo
/public-portal/careers	public	PublicPortal.Careers
/public-portal/contact	public	PublicPortal.Contact
/public-portal/crm	public	PublicPortal.CRM
/public-portal/customer-portal	public	PublicPortal.CustomerPortal
/public-portal/faq	public	PublicPortal.FAQ
/public-portal/features	public	PublicPortal.Features
/public-portal/fleet	public	PublicPortal.Fleet
/public-portal/industries	public	PublicPortal.Industries
/public-portal/insurance	public	PublicPortal.Insurance
/public-portal/integrations	public	PublicPortal.Integrations
/public-portal/landing	public	PublicPortal.Landing
/public-portal/loans	public	PublicPortal.Loans
/public-portal/marketplace	public	PublicPortal.Marketplace
/public-portal/mini-erp	public	PublicPortal.MiniERP
/public-portal/pricing	public	PublicPortal.Pricing
/public-portal/products	public	PublicPortal.Products
/public-portal/request-demo	public	PublicPortal.RequestDemo
/public-portal/resources	public	PublicPortal.Resources
/public-portal/services	public	PublicPortal.Services
/public-portal/solutions	public	PublicPortal.Solutions
/public-portal/spare-parts	public	PublicPortal.SpareParts
/public-portal/supplier-portal	public	PublicPortal.SupplierPortal
/public-portal/support	public	PublicPortal.Support
/public-portal/technician-portal	public	PublicPortal.TechnicianPortal
/public-portal/workshop	public	PublicPortal.Workshop
/purchase-agent-dashboard	app	Purchase-Agent-Dashboard
/purchase-agent-delivery	app	Purchase-Agent-Delivery
/purchase-agent-inventory	app	Purchase-Agent-Inventory
/purchase-agent-orders	app	Purchase-Agent-Orders
/purchase-agent-payments	app	Purchase-Agent-Payments
/purchase-agent-price-compare	app	Purchase-Agent-Price-Compare
/purchase-agent-quotations	app	Purchase-Agent-Quotations
/purchase-agent-reports	app	Purchase-Agent-Reports
/purchase-agent-suppliers	app	Purchase-Agent-Suppliers
/purchase-agent-tasks	app	Purchase-Agent-Tasks
/purchase-agent-tracking	app	Purchase-Agent-Tracking
/purchase-order	app	PurchaseOrder
/purchase-orders	app	Purchase-Orders
/quality-control	app	Quality-Control
/quantum-computing	app	Quantum-Computing
/rbacspec	reference	RBACSpec
/receipts	app	Receipts
/referral-program	app	Referral-Program
/refund-management	app	Refund-Management
/region-selection	auth	RegionSelection
/register	auth	Register
/reports	app	Reports
/reports-analytics	app	ReportsAnalytics
/reset-password	auth	ResetPassword
/retained-earnings	app	Retained-Earnings
/role-management	app	Role-Management
/role-selection	auth	RoleSelection
/roles-permissions	app	RolesPermissions
/routing-optimizer	app	Routing-Optimizer
/safety-incidents	app	Safety-Incidents
/sales-guide	app	Sales-Guide
/sales-management	app	Sales-Management
/sales-reports	app	SalesReports
/security-cameras	app	Security-Cameras
/security-settings	app	Security-Settings
/service-bay-dashboard	app	Service-Bay-Dashboard
/service-templates	app	Service-Templates
/session-expired	auth	SessionExpired
/settings	app	Settings
/smart-assignment	app	Smart-Assignment
/smart-contracts	app	Smart-Contracts
/smart-damage-assessment	app	Smart-Damage-Assessment
/smart-inventory-forecasting	app	Smart-Inventory-Forecasting
/smart-parts-recommendations	app	Smart-Parts-Recommendations
/smart-parts-recommender	app	Smart-Parts-Recommender
/sms-integration	app	SMS-Integration
/smscampaigns	app	SMSCampaigns
/social-login	auth	SocialLogin
/social-media-integration	app	Social-Media-Integration
/social-media-monitoring	app	Social-Media-Monitoring
/spare-parts	app	Spare-Parts
/splash	auth	Splash
/ssologin	auth	SSOLogin
/staff-directory	app	Staff-Directory
/staff-performance-review	app	Staff-Performance-Review
/staff-scheduling	app	Staff-Scheduling
/stripe-payment-processing	app	Stripe-Payment-Processing
/subscription	app	Subscription
/super-admin	app	SuperAdmin
/supplier-portal	portal	SupplierPortal
/supplier-portal/orders	portal	SupplierPortal.Orders
/suppliers	app	Suppliers
/support-chat-dashboard	app	Support-Chat-Dashboard
/sustainable-energy-monitoring	app	Sustainable-Energy-Monitoring
/system-integrations	app	SystemIntegrations
/system-settings	app	System-Settings
/task-management	app	Task-Management
/tasks	app	Tasks
/tax-management	app	TaxManagement
/technician-app-clock	app	Technician-App-Clock
/technician-app-home	app	Technician-App-Home
/technician-app-jobs	app	Technician-App-Jobs
/technician-app-lookup	app	Technician-App-Lookup
/technician-app-profile	app	Technician-App-Profile
/technician-kb	app	TechnicianKB
/technician-leaderboards	app	Technician-Leaderboards
/technician-management	app	Technician-Management
/technician-mobile	app	Technician-Mobile
/technician-performance	app	Technician-Performance
/technician-portal	portal	TechnicianPortal
/technician-portal-attendance	app	Technician-Portal-Attendance
/technician-portal-dashboard	app	Technician-Portal-Dashboard
/technician-portal-documentation	app	Technician-Portal-Documentation
/technician-portal-guides	app	Technician-Portal-Guides
/technician-portal-my-jobs	app	Technician-Portal-My-Jobs
/technician-portal-parts	app	Technician-Portal-Parts
/technician-portal-profile	app	Technician-Portal-Profile
/technician-portal-software	app	Technician-Portal-Software
/technician-portal-time-clock	app	Technician-Portal-Time-Clock
/technician-portal/job-detail	portal	TechnicianPortal.JobDetail
/technician-schedule	app	TechnicianSchedule
/technicians	app	Technicians
/telematics-integration	app	Telematics-Integration
/templates	app	Templates
/terms-conditions	auth	TermsConditions
/timeclock-payroll	app	Timeclock-Payroll
/timesheet-management	app	Timesheet-Management
/tire-management	app	Tire-Management
/tools	app	Tools
/towing-assistance	app	Towing-Assistance
/towing-services	app	Towing-Services
/training-lms	app	Training-LMS
/trial-balance	app	Trial-Balance
/two-factor-verification	auth	TwoFactorVerification
/ui/activity-feed	reference	UI.ActivityFeed
/ui/advanced-filters	reference	UI.AdvancedFilters
/ui/attachments	reference	UI.Attachments
/ui/calendar-view	reference	UI.CalendarView
/ui/card-view	reference	UI.CardView
/ui/charts	reference	UI.Charts
/ui/comments	reference	UI.Comments
/ui/empty-states	reference	UI.EmptyStates
/ui/export-center	reference	UI.ExportCenter
/ui/form-validation	reference	UI.FormValidation
/ui/import-center	reference	UI.ImportCenter
/ui/kanban-view	reference	UI.KanbanView
/ui/list-view	reference	UI.ListView
/ui/loading-states	reference	UI.LoadingStates
/ui/map-view	reference	UI.MapView
/ui/media-gallery	reference	UI.MediaGallery
/ui/messages	reference	UI.Messages
/ui/modals/actions	reference	UI.Modals.Actions
/ui/modals/capture	reference	UI.Modals.Capture
/ui/modals/crud	reference	UI.Modals.CRUD
/ui/modals/data	reference	UI.Modals.Data
/ui/modals/lifecycle	reference	UI.Modals.Lifecycle
/ui/modals/status	reference	UI.Modals.Status
/ui/table-view	reference	UI.TableView
/ui/timeline-view	reference	UI.TimelineView
/unauthorized	auth	Unauthorized
/user-profile	app	User-Profile
/user-settings	app	User-Settings
/users-teams	app	UsersTeams
/vat-settings	app	VAT-Settings
/vehicle-checklist	app	Vehicle-Checklist
/vehicle-detail	app	VehicleDetail
/vehicle-health-monitoring	app	Vehicle-Health-Monitoring
/vehicle-history	app	Vehicle-History
/vehicle-inspections	app	Vehicle-Inspections
/vehicle-storage	app	Vehicle-Storage
/vehicle-tracking	app	Vehicle-Tracking
/vehicles	app	Vehicles
/vehicles-list	app	Vehicles-List
/vendor-supplier-portal	app	Vendor-Supplier-Portal
/video-consultations	app	Video-Consultations
/video-estimates	app	Video-Estimates
/vin-decoder	app	VIN-Decoder
/voice-command-interface	app	Voice-Command-Interface
/voice-commands	app	Voice-Commands
/vr-showroom	app	VR-Showroom
/warranty-management	app	Warranty-Management
/wearable-integration	app	Wearable-Integration
/welcome	auth	Welcome
/welcome-page	app	Welcome-Page
/whats-app-campaigns	app	WhatsAppCampaigns
/workflow-builder	app	WorkflowBuilder
/workshop-calendar	app	Workshop-Calendar
/workshop-check-in	app	WorkshopCheckIn
/workshop-delivery	app	WorkshopDelivery
/workshop-estimate	app	WorkshopEstimate
/workshop-inspection	app	WorkshopInspection
/workshop-qc	app	WorkshopQC
/workshop-reports	app	WorkshopReports
/workshop-signature	app	WorkshopSignature
/workspace-selection	auth	WorkspaceSelection
/zakat-settings	app	Zakat-Settings
/zatca-settings	app	ZATCA-Settings
